50245608_0_871275842592178099,0,154,http://dbpedia.org/resource/Pearl_Harbor
39107734_2_2329160387535788734,1,32,http://dbpedia.org/resource/Minneapolis_Saint_Paul_International_Airport
22864497_0_8632623712684511496,0,227,http://dbpedia.org/resource/Need_for_Speed:_Carbon
66009064_0_9148652238372261251,0,15,http://dbpedia.org/resource/Alex_Rodriguez
21362676_0_6854186738074119688,1,75,http://dbpedia.org/resource/King_Kong
50245608_0_871275842592178099,0,186,http://dbpedia.org/resource/School_of_Rock
40534006_0_4617468856744635526,1,1,http://dbpedia.org/resource/Lex_Luger
36102169_0_7739454799295072814,2,286,http://dbpedia.org/resource/Crash_Bash
53822652_0_5767892317858575530,1,141,http://dbpedia.org/resource/The_Hurt_Locker
60319454_0_3938426910282115527,0,29,http://dbpedia.org/resource/Lion
8468806_0_4382447409703007384,1,75,http://dbpedia.org/resource/Lac_Seul
50245608_0_871275842592178099,0,74,http://dbpedia.org/resource/Fear_and_Loathing_in_Las_Vegas
33401079_0_9127583903019856402,0,52,http://dbpedia.org/resource/Max_Weber
99070098_0_2074872741302696997,1,46,http://dbpedia.org/resource/Kidsty_Pike
50270082_0_444360818941411589,1,22,http://dbpedia.org/resource/Randy_Johnson
22864497_0_8632623712684511496,0,322,http://dbpedia.org/resource/TimeShift
29414811_12_251152470253168163,1,1,http://dbpedia.org/resource/Batman:_Arkham_City
50270082_0_444360818941411589,1,119,http://dbpedia.org/resource/Dazzy_Vance
39759273_0_1427898308030295194,1,88,http://dbpedia.org/resource/A_Clockwork_Orange
66009064_0_9148652238372261251,0,197,http://dbpedia.org/resource/Bill_Collins
69537082_0_7789694313271016902,1,211,http://dbpedia.org/resource/Greenland
88523363_0_8180214313099580515,0,546,http://dbpedia.org/resource/Thunbergia_grandiflora
41480166_0_6681239260286218499,0,177,http://dbpedia.org/resource/Peter_of_Sebaste
66009064_0_9148652238372261251,0,219,http://dbpedia.org/resource/Jimmy_Ryan
9834884_0_3871985887467090123,1,9,http://dbpedia.org/resource/State_Hermitage_Museum
36102169_0_7739454799295072814,2,248,http://dbpedia.org/resource/Mario_Party_8
88523363_0_8180214313099580515,0,338,http://dbpedia.org/resource/Lygodium_palmatum
26310680_0_5150772059999313798,1,220,http://dbpedia.org/resource/New_Taiwan_Dollar
39173938_0_7916056990138658530,1,46,http://dbpedia.org/resource/Mary_Poppins
91959037_0_7907661684242014480,1,147,http://dbpedia.org/resource/The_Curse_of_Monkey_Island
91959037_0_7907661684242014480,1,22,NOT FOUND URI
13719111_1_5719401842463579519,0,48,http://dbpedia.org/resource/Lappet_faced_vulture
54719588_0_8417197176086756912,3,101,http://dbpedia.org/resource/Contender
13719111_1_5719401842463579519,0,443,NOT FOUND URI
58891288_0_1117541047012405958,1,95,http://dbpedia.org/resource/Heat
28086084_0_3127660530989916727,0,137,http://dbpedia.org/resource/Pope_Linus
21245481_0_8730460088443117515,1,103,http://dbpedia.org/resource/Broken_Bow_Lake
90196673_0_5458330029110291950,0,190,http://dbpedia.org/resource/Tree_swallow
35188621_0_6058553107571275232,1,104,http://dbpedia.org/resource/The_Wild_Bunch
91959037_0_7907661684242014480,1,283,http://dbpedia.org/resource/FIFA_08
29414811_12_251152470253168163,1,14,http://dbpedia.org/resource/The_Legend_of_Zelda:_Ocarina_of_Time
99070098_0_2074872741302696997,1,198,http://dbpedia.org/resource/Fellbarrow
91959037_0_7907661684242014480,1,387,http://dbpedia.org/resource/Sim_City
88523363_0_8180214313099580515,0,54,http://dbpedia.org/resource/Asparagus_densiflorus
39173938_0_7916056990138658530,1,45,http://dbpedia.org/resource/To_Be_or_Not_to_Be
41480166_0_6681239260286218499,0,120,http://dbpedia.org/resource/John_of_the_Cross
50270082_0_444360818941411589,1,158,http://dbpedia.org/resource/Mark_Langston
46671561_0_6122315295162029872,0,136,http://dbpedia.org/resource/Soldier_of_Fortune:_Pay_Back
54719588_0_8417197176086756912,3,195,http://dbpedia.org/resource/Life_as_a_house
13719111_1_5719401842463579519,0,132,http://dbpedia.org/resource/Brown_parrot
50245608_0_871275842592178099,0,144,http://dbpedia.org/resource/My_Cousin_Vinny
53822652_0_5767892317858575530,1,107,http://dbpedia.org/resource/The_Book_of_Eli
21245481_0_8730460088443117515,1,115,http://dbpedia.org/resource/Kaw_lake
28086084_0_3127660530989916727,0,172,http://dbpedia.org/resource/Paulinus_of_Nola
25404227_0_2240631045609013057,1,92,http://dbpedia.org/resource/Three_Kings
90196673_0_5458330029110291950,0,310,http://dbpedia.org/resource/Orchard_oriole
35188621_0_6058553107571275232,1,57,http://dbpedia.org/resource/Swingers
63450419_0_8012592961815711786,1,163,http://dbpedia.org/resource/Poa_cusickii
53822652_0_5767892317858575530,1,428,http://dbpedia.org/resource/Ice_Harvest
88523363_0_8180214313099580515,0,329,http://dbpedia.org/resource/Litsea_glutinosa
91959037_0_7907661684242014480,1,303,NOT FOUND URI
36102169_0_7739454799295072814,2,174,http://dbpedia.org/resource/Donkey_Kong_Country
13719111_1_5719401842463579519,0,112,http://dbpedia.org/resource/Common_greenshank
39107734_2_2329160387535788734,1,45,http://dbpedia.org/resource/Melbourne_Airport
99070098_0_2074872741302696997,1,154,http://dbpedia.org/resource/Calf_Crag
54719588_0_8417197176086756912,3,50,http://dbpedia.org/resource/Mexican
13719111_1_5719401842463579519,0,308,NOT FOUND URI
13719111_1_5719401842463579519,0,321,NOT FOUND URI
29414811_2_4773219892816395776,1,9,http://dbpedia.org/resource/Metroid_Prime
9834884_0_3871985887467090123,1,87,http://dbpedia.org/resource/San_Diego_Museum_of_Art
69537082_0_7789694313271016902,1,239,http://dbpedia.org/resource/Pitcairn_Islands
99070098_0_2074872741302696997,1,184,http://dbpedia.org/resource/Lingmoor_Fell
22864497_0_8632623712684511496,0,171,NOT FOUND URI
13719111_1_5719401842463579519,0,351,http://dbpedia.org/resource/Rattling_cisticola
20135078_0_7570343137119682530,1,87,http://dbpedia.org/resource/The_Battleship_Potemkin
9834884_0_3871985887467090123,1,14,http://dbpedia.org/resource/Rijksmuseum
39650055_5_7135804139753401681,1,100,http://dbpedia.org/resource/Hennessy
63450419_0_8012592961815711786,1,15,http://dbpedia.org/resource/Andropogon_hallii
16767252_0_2409448375013995751,1,74,http://dbpedia.org/resource/Das_Boot
9475172_1_1023126399856690702,1,157,http://dbpedia.org/resource/Star_Wars:_Clone_Wars
24036779_0_5608105867560183058,0,13,http://dbpedia.org/resource/Bosnia_and_Herzegovina
91959037_0_7907661684242014480,1,54,NOT FOUND URI
69881946_0_1105130426898457358,1,9,http://dbpedia.org/resource/Dead_Poets_Society
35188621_0_6058553107571275232,1,78,http://dbpedia.org/resource/Tootsie
13719111_1_5719401842463579519,0,123,NOT FOUND URI
75367212_2_2745466355267233390,0,16,NOT FOUND URI
90196673_0_5458330029110291950,0,344,http://dbpedia.org/resource/Eastern_chipmunk
41480166_0_6681239260286218499,0,108,http://dbpedia.org/resource/Pope_Innocent_I
84575189_0_6365692015941409487,2,44,http://dbpedia.org/resource/Archives_of_Internal_Medicine
26310680_0_5150772059999313798,1,193,NOT FOUND URI
21245481_0_8730460088443117515,1,130,NOT FOUND URI
21245481_0_8730460088443117515,1,64,http://dbpedia.org/resource/Harlan_County_Lake
50245608_0_871275842592178099,0,90,http://dbpedia.org/resource/Godfather
36102169_0_7739454799295072814,2,326,http://dbpedia.org/resource/Midnight_Club_2
88523363_0_8180214313099580515,0,10,http://dbpedia.org/resource/Acacia_longifolia
84548468_0_5955155464119382182,1,77,http://dbpedia.org/resource/Face/Off
91959037_0_7907661684242014480,1,223,http://dbpedia.org/resource/SingStar_Pop_Hits
46671561_0_6122315295162029872,0,130,http://dbpedia.org/resource/SEGA_Rally_Revo
52299421_0_4473286348258170200,1,79,http://dbpedia.org/resource/Namibia
91959037_0_7907661684242014480,1,347,NOT FOUND URI
28086084_0_3127660530989916727,0,1,http://dbpedia.org/resource/Abraham_the_Syrian
22864497_0_8632623712684511496,0,66,http://dbpedia.org/resource/Call_of_Duty_2
21362676_0_6854186738074119688,1,18,http://dbpedia.org/resource/The_Good_the_Bad_and_the_Ugly
63450419_0_8012592961815711786,1,126,http://dbpedia.org/resource/Leymus_innovatus
63450419_0_8012592961815711786,1,137,http://dbpedia.org/resource/Muhlenbergia_cuspidata
90196673_0_5458330029110291950,0,212,http://dbpedia.org/resource/Brown_creeper
21245481_0_8730460088443117515,1,74,NOT FOUND URI
50245608_0_871275842592178099,0,290,http://dbpedia.org/resource/Wrestler
21245481_0_8730460088443117515,1,51,NOT FOUND URI
69537082_0_7789694313271016902,1,91,http://dbpedia.org/resource/Austria
50245608_0_871275842592178099,0,249,http://dbpedia.org/resource/Tommy
88523363_0_8180214313099580515,0,104,http://dbpedia.org/resource/Cestrum_parqui
46671561_0_6122315295162029872,0,125,http://dbpedia.org/resource/Resistance:_Fall_of_Man
88523363_0_8180214313099580515,0,584,http://dbpedia.org/resource/Ziziphus_jujuba
37856682_0_6818907050314633217,0,32,http://dbpedia.org/resource/Luxembourg
21362676_0_6854186738074119688,1,50,http://dbpedia.org/resource/Ikiru
69537082_0_7789694313271016902,1,195,http://dbpedia.org/resource/Virgin_Islands
38428277_0_1311643810102462607,1,50,http://dbpedia.org/resource/Ordinary_People
21245481_0_8730460088443117515,1,193,http://dbpedia.org/resource/Texana_Lake
63450419_0_8012592961815711786,1,61,NOT FOUND URI
88523363_0_8180214313099580515,0,114,http://dbpedia.org/resource/Chrysobalanus_icaco
36102169_0_7739454799295072814,2,103,http://dbpedia.org/resource/NCAA_Football_2004
84575189_0_6365692015941409487,2,5,http://dbpedia.org/resource/New_England_Journal_of_Medicine
66009064_0_9148652238372261251,0,116,http://dbpedia.org/resource/Jackie_Robinson
22864497_0_8632623712684511496,0,219,http://dbpedia.org/resource/MX_vs._ATV:_Untamed
41336118_0_4331895026409635103,0,23,http://dbpedia.org/resource/Toyota_Motor
22864497_0_8632623712684511496,0,202,http://dbpedia.org/resource/Metro_2033
50245608_0_871275842592178099,0,41,NOT FOUND URI
90196673_0_5458330029110291950,0,395,http://dbpedia.org/resource/Coal_skink
9475172_1_1023126399856690702,1,6,http://dbpedia.org/resource/Frasier
88523363_0_8180214313099580515,0,81,NOT FOUND URI
35188621_0_6058553107571275232,1,95,http://dbpedia.org/resource/The_Untouchables
22864497_0_8632623712684511496,0,68,http://dbpedia.org/resource/Call_of_Duty_4:_Modern_Warfare
37856682_0_6818907050314633217,0,3,http://dbpedia.org/resource/Nauru
50245608_0_871275842592178099,0,16,http://dbpedia.org/resource/Be_Kind_Rewind
24036779_0_5608105867560183058,0,48,http://dbpedia.org/resource/Luxembourg
33401079_0_9127583903019856402,0,11,NOT FOUND URI
88523363_0_8180214313099580515,0,566,http://dbpedia.org/resource/Ulex_europaeus
46671561_0_6122315295162029872,0,151,http://dbpedia.org/resource/The_Club
9834884_0_3871985887467090123,1,220,http://dbpedia.org/resource/Singer_Museum
39173938_0_7916056990138658530,1,10,http://dbpedia.org/resource/City_Lights
25404227_0_2240631045609013057,1,9,http://dbpedia.org/resource/The_Seven_Samurai
91959037_0_7907661684242014480,1,359,http://dbpedia.org/resource/Resistance_2
40534006_0_4617468856744635526,1,28,http://dbpedia.org/resource/Eddie_Guerrero
41480166_0_6681239260286218499,0,19,http://dbpedia.org/resource/Pope_Anicetus
28086084_0_3127660530989916727,0,57,http://dbpedia.org/resource/Columbanus
37856682_0_6818907050314633217,0,193,http://dbpedia.org/resource/Finland
13719111_1_5719401842463579519,0,40,NOT FOUND URI
54719588_0_8417197176086756912,3,185,NOT FOUND URI
90196673_0_5458330029110291950,0,278,http://dbpedia.org/resource/Eastern_towhee
20135078_0_7570343137119682530,1,4,NOT FOUND URI
69537082_0_7789694313271016902,1,133,http://dbpedia.org/resource/Panama
9834884_0_3871985887467090123,1,198,http://dbpedia.org/resource/Holland_Museum
99070098_0_2074872741302696997,1,178,http://dbpedia.org/resource/Grike
91959037_0_7907661684242014480,1,118,http://dbpedia.org/resource/Civilization
91959037_0_7907661684242014480,1,208,NOT FOUND URI
53822652_0_5767892317858575530,1,159,http://dbpedia.org/resource/The_Proposal
26310680_0_5150772059999313798,1,83,http://dbpedia.org/resource/CFP_Franc
37856682_0_6818907050314633217,0,4,http://dbpedia.org/resource/Tuvalu
91959037_0_7907661684242014480,1,262,http://dbpedia.org/resource/FIFA_11
53822652_0_5767892317858575530,1,110,http://dbpedia.org/resource/Max_Payne
13719111_1_5719401842463579519,0,557,http://dbpedia.org/resource/Cabanis's_bunting
71840765_0_6664391841933033844,0,8,http://dbpedia.org/resource/Lake_Maggiore
50270082_0_444360818941411589,1,17,http://dbpedia.org/resource/Gaylord_Perry
63450419_0_8012592961815711786,1,29,http://dbpedia.org/resource/Bouteloua_eriopoda
25404227_0_2240631045609013057,1,61,http://dbpedia.org/resource/Tom_Jones
69537082_0_7789694313271016902,1,157,http://dbpedia.org/resource/Trinidad_and_Tobago
38428277_0_1311643810102462607,1,100,http://dbpedia.org/resource/Rio_Bravo
25404227_0_2240631045609013057,1,14,http://dbpedia.org/resource/The_Lord_of_the_Rings:_Fellowship_of_the_Ring
84548468_0_5955155464119382182,1,82,http://dbpedia.org/resource/Ferris_Bueller's_Day_Off
52299421_0_4473286348258170200,1,3,http://dbpedia.org/resource/Singapore
90196673_0_5458330029110291950,0,21,http://dbpedia.org/resource/Redback_salamander
22864497_0_8632623712684511496,0,181,http://dbpedia.org/resource/Legendary
88523363_0_8180214313099580515,0,339,http://dbpedia.org/resource/Maesopsis_eminii
88523363_0_8180214313099580515,0,403,http://dbpedia.org/resource/Passiflora_coccinea
13719111_1_5719401842463579519,0,225,NOT FOUND URI
77694908_0_6083291340991074532,1,86,http://dbpedia.org/resource/Once_Upon_a_Time_in_the_West
88523363_0_8180214313099580515,0,283,http://dbpedia.org/resource/Hypericum_canariense
91959037_0_7907661684242014480,1,286,NOT FOUND URI
41480166_0_6681239260286218499,0,82,http://dbpedia.org/resource/Pope_Felix_II
9834884_0_3871985887467090123,1,230,http://dbpedia.org/resource/Residenzgalerie
26310680_0_5150772059999313798,1,197,http://dbpedia.org/resource/East_Caribbean_Dollar
39759273_0_1427898308030295194,1,3,http://dbpedia.org/resource/Alice_in_Wonderland
43237185_1_3636357855502246981,0,12,http://dbpedia.org/resource/Carl_Friedrich_Gauss
69537082_0_7789694313271016902,1,51,http://dbpedia.org/resource/Romania
26310680_0_5150772059999313798,1,65,http://dbpedia.org/resource/East_Caribbean_Dollar
13719111_1_5719401842463579519,0,136,http://dbpedia.org/resource/Ross's_turaco
9834884_0_3871985887467090123,1,132,http://dbpedia.org/resource/Sprengel_Museum
22864497_0_8632623712684511496,0,272,http://dbpedia.org/resource/Resonance_of_Fate
22864497_0_8632623712684511496,0,285,NOT FOUND URI
53822652_0_5767892317858575530,1,47,http://dbpedia.org/resource/The_Adjustment_Bureau
8468806_0_4382447409703007384,1,13,NOT FOUND URI
13719111_1_5719401842463579519,0,398,NOT FOUND URI
66009064_0_9148652238372261251,0,93,http://dbpedia.org/resource/Willie_Stargell
63450419_0_8012592961815711786,1,19,http://dbpedia.org/resource/Aristida_purpurea
45073662_0_3179937335063201739,1,15,http://dbpedia.org/resource/Cal_Ripken_Jr.
39173938_0_7916056990138658530,1,94,http://dbpedia.org/resource/There's_Something_about_Mary
16767252_0_2409448375013995751,1,14,http://dbpedia.org/resource/Aliens
91959037_0_7907661684242014480,1,260,http://dbpedia.org/resource/Warcraft_II:_Tides_of_Darkness
36102169_0_7739454799295072814,2,177,http://dbpedia.org/resource/Donkey_Kong_Country_3
77694908_0_6083291340991074532,1,2,http://dbpedia.org/resource/Pulp_Fiction
39107734_2_2329160387535788734,1,11,http://dbpedia.org/resource/Madrid_Barajas_Airport
88523363_0_8180214313099580515,0,391,http://dbpedia.org/resource/Panicum_decompositum
24036779_0_5608105867560183058,0,11,http://dbpedia.org/resource/Bhutan
20135078_0_7570343137119682530,1,74,http://dbpedia.org/resource/The_Green_Mile
91959037_0_7907661684242014480,1,119,http://dbpedia.org/resource/Winter_Games
22864497_0_8632623712684511496,0,197,http://dbpedia.org/resource/Meet_the_Robinsons
38428277_0_1311643810102462607,1,43,http://dbpedia.org/resource/Notorious
91959037_0_7907661684242014480,1,76,NOT FOUND URI
13719111_1_5719401842463579519,0,301,http://dbpedia.org/resource/Forest_robin
35188621_0_6058553107571275232,1,61,http://dbpedia.org/resource/The_Terminator
26310680_0_5150772059999313798,1,176,http://dbpedia.org/resource/US_Dollar
40534006_0_4617468856744635526,1,21,http://dbpedia.org/resource/Roddy_Piper
13719111_1_5719401842463579519,0,418,NOT FOUND URI
46671561_0_6122315295162029872,0,129,http://dbpedia.org/resource/Saint's_Row
13719111_1_5719401842463579519,0,281,http://dbpedia.org/resource/Shelley's_greenbul
50245608_0_871275842592178099,0,97,http://dbpedia.org/resource/Grand_Prix
11833461_1_3811022039809817402,0,21,NOT FOUND URI
53822652_0_5767892317858575530,1,334,http://dbpedia.org/resource/The_Matador
91959037_0_7907661684242014480,1,174,NOT FOUND URI
9475172_1_1023126399856690702,1,111,http://dbpedia.org/resource/Frasier
53822652_0_5767892317858575530,1,83,http://dbpedia.org/resource/Red
13719111_1_5719401842463579519,0,26,http://dbpedia.org/resource/Marabou_stork
58891288_0_1117541047012405958,1,23,http://dbpedia.org/resource/One_Flew_over_the_Cuckoo's_Nest
22864497_0_8632623712684511496,0,250,http://dbpedia.org/resource/Prince_of_Persia
25404227_0_2240631045609013057,1,25,http://dbpedia.org/resource/Sullivan's_Travels
50245608_0_871275842592178099,0,128,http://dbpedia.org/resource/Matrix
41480166_0_6681239260286218499,0,95,http://dbpedia.org/resource/Pope_Gregory_II
35188621_0_6058553107571275232,1,102,http://dbpedia.org/resource/Who_Framed_Roger_Rabbit
9834884_0_3871985887467090123,1,21,http://dbpedia.org/resource/Indianapolis_Museum_of_Art
20135078_0_7570343137119682530,1,59,http://dbpedia.org/resource/Once_Upon_a_Time_in_America
26310680_0_5150772059999313798,1,15,http://dbpedia.org/resource/Aruban_Guilder
41480166_0_6681239260286218499,0,214,http://dbpedia.org/resource/Ulrich_of_Augsburg
84548468_0_5955155464119382182,1,51,http://dbpedia.org/resource/Doctor_Zhivago
22864497_0_8632623712684511496,0,45,http://dbpedia.org/resource/BlazBlue:_Calamity_Trigger
37856682_0_6818907050314633217,0,39,http://dbpedia.org/resource/Delaware
63450419_0_8012592961815711786,1,142,http://dbpedia.org/resource/Muhlenbergia_richardsonis
77694908_0_6083291340991074532,1,45,http://dbpedia.org/resource/Braveheart
22864497_0_8632623712684511496,0,320,http://dbpedia.org/resource/Test_Drive_Unlimited
46671561_0_6122315295162029872,0,3,http://dbpedia.org/resource/Alone_in_the_Dark
21362676_0_6854186738074119688,1,72,http://dbpedia.org/resource/The_Killing_Fields
13719111_1_5719401842463579519,0,413,NOT FOUND URI
99070098_0_2074872741302696997,1,57,http://dbpedia.org/resource/Slight_Side
58891288_0_1117541047012405958,1,83,http://dbpedia.org/resource/Groundhog_Day
46671561_0_6122315295162029872,0,100,http://dbpedia.org/resource/NBA_2K9
69537082_0_7789694313271016902,1,118,http://dbpedia.org/resource/Norway
21245481_0_8730460088443117515,1,70,http://dbpedia.org/resource/Falls_Lake
37856682_0_6818907050314633217,0,102,http://dbpedia.org/resource/Bosnia_and_Herzegovina
91959037_0_7907661684242014480,1,291,NOT FOUND URI
53822652_0_5767892317858575530,1,275,http://dbpedia.org/resource/Eagle_vs._Shark
88523363_0_8180214313099580515,0,343,http://dbpedia.org/resource/Marrubium_vulgare
8468806_0_4382447409703007384,1,18,NOT FOUND URI
21245481_0_8730460088443117515,1,188,NOT FOUND URI
91959037_0_7907661684242014480,1,152,NOT FOUND URI
54719588_0_8417197176086756912,3,109,http://dbpedia.org/resource/Best_In_Show
66009064_0_9148652238372261251,0,54,http://dbpedia.org/resource/Charlie_Moore
16767252_0_2409448375013995751,1,36,http://dbpedia.org/resource/L'Atalante
22864497_0_8632623712684511496,0,158,http://dbpedia.org/resource/Gun
36102169_0_7739454799295072814,2,82,http://dbpedia.org/resource/Need_for_Speed:_Underground
66009064_0_9148652238372261251,0,109,http://dbpedia.org/resource/Elmer_Valo
91959037_0_7907661684242014480,1,65,http://dbpedia.org/resource/The_Legend_of_Zelda:_Wind_Waker
69537082_0_7789694313271016902,1,25,http://dbpedia.org/resource/Italy
91959037_0_7907661684242014480,1,37,http://dbpedia.org/resource/The_Secret_of_Monkey_Island
66009064_0_9148652238372261251,0,117,http://dbpedia.org/resource/Wally_Westlake
25404227_0_2240631045609013057,1,26,http://dbpedia.org/resource/The_Princess_Bride
21245481_0_8730460088443117515,1,68,http://dbpedia.org/resource/Abiquiu_Reservoir
39107734_2_2329160387535788734,1,12,http://dbpedia.org/resource/John_F._Kennedy_International_Airport
84548468_0_5955155464119382182,1,13,http://dbpedia.org/resource/Children_of_Paradise
13719111_1_5719401842463579519,0,316,NOT FOUND URI
63450419_0_8012592961815711786,1,95,http://dbpedia.org/resource/Eragrostis_lehmanniana
66009064_0_9148652238372261251,0,120,http://dbpedia.org/resource/Bobby_Doerr
77694908_0_6083291340991074532,1,92,http://dbpedia.org/resource/The_Manchurian_Candidate
54719588_0_8417197176086756912,3,72,http://dbpedia.org/resource/Cast_Away
53822652_0_5767892317858575530,1,132,http://dbpedia.org/resource/It's_Complicated
13719111_1_5719401842463579519,0,179,http://dbpedia.org/resource/Narina_trogon
20135078_0_7570343137119682530,1,73,http://dbpedia.org/resource/Bringing_Up_Baby
33401079_0_9127583903019856402,0,77,NOT FOUND URI
99070098_0_2074872741302696997,1,104,http://dbpedia.org/resource/Tarn_Crag
99070098_0_2074872741302696997,1,26,http://dbpedia.org/resource/Red_Pike_(Wasdale)
16767252_0_2409448375013995751,1,30,http://dbpedia.org/resource/Apocalypse_Now
33401079_0_9127583903019856402,0,74,http://dbpedia.org/resource/Siegfried_Lenz
54719588_0_8417197176086756912,3,140,http://dbpedia.org/resource/Uncle_Buck
88523363_0_8180214313099580515,0,290,http://dbpedia.org/resource/Impatiens_walleriana
13719111_1_5719401842463579519,0,222,NOT FOUND URI
33401079_0_9127583903019856402,0,59,http://dbpedia.org/resource/Ludwig_Mies_van_der_Rohe
9834884_0_3871985887467090123,1,299,http://dbpedia.org/resource/Kimbell_Art_Museum
69881946_0_1105130426898457358,1,94,http://dbpedia.org/resource/Jerry_Maguire
13719111_1_5719401842463579519,0,335,http://dbpedia.org/resource/Green_hylia
46671561_0_6122315295162029872,0,117,http://dbpedia.org/resource/Pirates_of_the_Caribbean:_At_World's_End
41480166_0_6681239260286218499,0,48,http://dbpedia.org/resource/Casimir
21245481_0_8730460088443117515,1,107,http://dbpedia.org/resource/Eucha_Lake
21245481_0_8730460088443117515,1,72,NOT FOUND URI
13719111_1_5719401842463579519,0,411,http://dbpedia.org/resource/Puvel's_illadopsis
11833461_1_3811022039809817402,0,59,NOT FOUND URI
77694908_0_6083291340991074532,1,8,http://dbpedia.org/resource/Taxi_Driver
90196673_0_5458330029110291950,0,2,http://dbpedia.org/resource/Spotted_salamander
88523363_0_8180214313099580515,0,355,http://dbpedia.org/resource/Melochia_corchorifolia
14067031_0_559833072073397908,0,17,http://dbpedia.org/resource/Equatorial_Guinea
13719111_1_5719401842463579519,0,169,http://dbpedia.org/resource/Horus_swift
90196673_0_5458330029110291950,0,53,http://dbpedia.org/resource/Common_loon
11833461_1_3811022039809817402,0,11,http://dbpedia.org/resource/The_Legend_of_the_Mystical_Ninja
21362676_0_6854186738074119688,1,88,http://dbpedia.org/resource/Lawrence_of_Arabia
22864497_0_8632623712684511496,0,214,http://dbpedia.org/resource/Mortal_Kombat_vs._DC_Universe
88523363_0_8180214313099580515,0,265,http://dbpedia.org/resource/Hedychium_gardnerianum
90196673_0_5458330029110291950,0,110,http://dbpedia.org/resource/Cooper's_hawk
22864497_0_8632623712684511496,0,246,http://dbpedia.org/resource/Perfect_Dark_Zero
43237185_1_3636357855502246981,0,18,NOT FOUND URI
9567241_0_5666388268510912770,1,8,http://dbpedia.org/resource/Dailymail
36102169_0_7739454799295072814,2,138,http://dbpedia.org/resource/Star_Wars:_Battlefront
21245481_0_8730460088443117515,1,126,http://dbpedia.org/resource/Sooner_Lake
66009064_0_9148652238372261251,0,124,http://dbpedia.org/resource/Bob_Elliott
36102169_0_7739454799295072814,2,299,http://dbpedia.org/resource/Ratchet_&_Clank
36102169_0_7739454799295072814,2,161,http://dbpedia.org/resource/Tekken_2
41480166_0_6681239260286218499,0,102,http://dbpedia.org/resource/Pope_Hilarius
63450419_0_8012592961815711786,1,130,http://dbpedia.org/resource/Luzula_hitchcockii
29414811_12_251152470253168163,1,23,http://dbpedia.org/resource/Tetris
9475172_1_1023126399856690702,1,139,http://dbpedia.org/resource/Batman:_Gotham_Knights
90196673_0_5458330029110291950,0,260,http://dbpedia.org/resource/Prothonotary_warbler
90196673_0_5458330029110291950,0,380,http://dbpedia.org/resource/Snapping_turtle
75367212_2_2745466355267233390,0,9,http://dbpedia.org/resource/Sin_and_Punishment
36102169_0_7739454799295072814,2,37,http://dbpedia.org/resource/Frogger
91959037_0_7907661684242014480,1,40,http://dbpedia.org/resource/Resident_Evil_3:_Nemesis
50270082_0_444360818941411589,1,82,http://dbpedia.org/resource/Wilbur_Cooper
13719111_1_5719401842463579519,0,507,http://dbpedia.org/resource/Cardinal_quelea
39173938_0_7916056990138658530,1,64,http://dbpedia.org/resource/Trouble_in_Paradise
50270082_0_444360818941411589,1,38,http://dbpedia.org/resource/Eppa_Rixey
88523363_0_8180214313099580515,0,489,http://dbpedia.org/resource/Senna_obtusifolia
9834884_0_3871985887467090123,1,16,http://dbpedia.org/resource/Royal_Academy_of_Arts
88523363_0_8180214313099580515,0,511,http://dbpedia.org/resource/Solanum_capsicoides
63450419_0_8012592961815711786,1,183,http://dbpedia.org/resource/Sporobolus_compositus
29414811_2_4773219892816395776,1,4,http://dbpedia.org/resource/BioShock
22864497_0_8632623712684511496,0,139,NOT FOUND URI
11833461_1_3811022039809817402,0,29,NOT FOUND URI
63450419_0_8012592961815711786,1,152,http://dbpedia.org/resource/Pennisetum_ciliare
36102169_0_7739454799295072814,2,237,http://dbpedia.org/resource/Animal_Crossing:_Wild_World
53822652_0_5767892317858575530,1,369,http://dbpedia.org/resource/11:14
33401079_0_9127583903019856402,0,82,http://dbpedia.org/resource/Joschka_Fischer
39759273_0_1427898308030295194,1,49,http://dbpedia.org/resource/L.A._Confidential
41480166_0_6681239260286218499,0,16,http://dbpedia.org/resource/Pope_Anacletus
53822652_0_5767892317858575530,1,344,http://dbpedia.org/resource/Over_the_Hedge
9475172_1_1023126399856690702,1,41,http://dbpedia.org/resource/In_Living_Color
28086084_0_3127660530989916727,0,165,http://dbpedia.org/resource/Pope_Nicholas_I
16767252_0_2409448375013995751,1,73,http://dbpedia.org/resource/Boogie_Nights
53822652_0_5767892317858575530,1,317,http://dbpedia.org/resource/Casino_Royale
69881946_0_1105130426898457358,1,34,http://dbpedia.org/resource/Snatch.
28086084_0_3127660530989916727,0,189,http://dbpedia.org/resource/Pope_Sergius_I
88523363_0_8180214313099580515,0,197,http://dbpedia.org/resource/Dillenia_suffruticosa
54719588_0_8417197176086756912,3,130,NOT FOUND URI
77694908_0_6083291340991074532,1,5,http://dbpedia.org/resource/Star_Wars
54719588_0_8417197176086756912,3,205,http://dbpedia.org/resource/Joy_Ride
50270082_0_444360818941411589,1,57,http://dbpedia.org/resource/Mordecai_Brown
13719111_1_5719401842463579519,0,237,NOT FOUND URI
36102169_0_7739454799295072814,2,140,NOT FOUND URI
52299421_0_4473286348258170200,1,68,http://dbpedia.org/resource/Egypt
22864497_0_8632623712684511496,0,19,http://dbpedia.org/resource/Assassin's_Creed:_Brotherhood
53822652_0_5767892317858575530,1,209,http://dbpedia.org/resource/Interview
50245608_0_871275842592178099,0,54,http://dbpedia.org/resource/Deja_Vu
39107734_2_2329160387535788734,1,43,http://dbpedia.org/resource/Logan_International_Airport
84575189_0_6365692015941409487,2,66,http://dbpedia.org/resource/Biochemical_Journal
50270082_0_444360818941411589,1,4,http://dbpedia.org/resource/Christy_Mathewson
69881946_0_1105130426898457358,1,65,http://dbpedia.org/resource/Spider_Man
84548468_0_5955155464119382182,1,45,http://dbpedia.org/resource/Deliverance
63450419_0_8012592961815711786,1,93,http://dbpedia.org/resource/Eragrostis_curvula
41480166_0_6681239260286218499,0,30,http://dbpedia.org/resource/Basil_the_Great
54719588_0_8417197176086756912,3,56,http://dbpedia.org/resource/Out_Cold
53822652_0_5767892317858575530,1,260,http://dbpedia.org/resource/The_Brothers_Solomon
88523363_0_8180214313099580515,0,515,http://dbpedia.org/resource/Solanum_seaforthianum
13719111_1_5719401842463579519,0,329,http://dbpedia.org/resource/Cinnamon_bracken_warbler
99070098_0_2074872741302696997,1,27,http://dbpedia.org/resource/Hart_Crag
84548468_0_5955155464119382182,1,30,http://dbpedia.org/resource/Crimes_and_Misdemeanors
50245608_0_871275842592178099,0,36,http://dbpedia.org/resource/Chasing_Amy
69537082_0_7789694313271016902,1,56,http://dbpedia.org/resource/Mozambique
53822652_0_5767892317858575530,1,119,http://dbpedia.org/resource/The_Hoax
46671561_0_6122315295162029872,0,166,NOT FOUND URI
63450419_0_8012592961815711786,1,47,http://dbpedia.org/resource/Calamagrostis_purpurascens
26310680_0_5150772059999313798,1,3,http://dbpedia.org/resource/Algerian_Dinar
50245608_0_871275842592178099,0,1,http://dbpedia.org/resource/10_Things_I_Hate_About_You
22864497_0_8632623712684511496,0,41,http://dbpedia.org/resource/BioShock_2
37856682_0_6818907050314633217,0,240,http://dbpedia.org/resource/Mauritania
46671561_0_6122315295162029872,0,85,http://dbpedia.org/resource/Medal_of_Honor_Airborne
77694908_0_6083291340991074532,1,10,http://dbpedia.org/resource/Apocalypse_Now
91959037_0_7907661684242014480,1,201,NOT FOUND URI
53822652_0_5767892317858575530,1,22,http://dbpedia.org/resource/Friends_with_Benefits
37856682_0_6818907050314633217,0,117,http://dbpedia.org/resource/Kentucky
91959037_0_7907661684242014480,1,336,http://dbpedia.org/resource/SingStar_Rocks!
99070098_0_2074872741302696997,1,68,http://dbpedia.org/resource/Sergeant_Man
21362676_0_6854186738074119688,1,77,http://dbpedia.org/resource/Kramer_vs._Kramer
37856682_0_6818907050314633217,0,257,NOT FOUND URI
84575189_0_6365692015941409487,2,76,http://dbpedia.org/resource/FEBS_Letters
28086084_0_3127660530989916727,0,185,http://dbpedia.org/resource/Raphael_of_Brooklyn
13719111_1_5719401842463579519,0,464,http://dbpedia.org/resource/Pied_crow
66009064_0_9148652238372261251,0,159,http://dbpedia.org/resource/Chuck_Klein
24036779_0_5608105867560183058,0,1,http://dbpedia.org/resource/Albania
53822652_0_5767892317858575530,1,102,http://dbpedia.org/resource/Micmacs
8468806_0_4382447409703007384,1,60,http://dbpedia.org/resource/Lake_Okeechobee
45073662_0_3179937335063201739,1,12,http://dbpedia.org/resource/Ken_Griffey_Jr.
13719111_1_5719401842463579519,0,4,NOT FOUND URI
9834884_0_3871985887467090123,1,373,NOT FOUND URI
46671561_0_6122315295162029872,0,101,http://dbpedia.org/resource/NBA_Live_08
13719111_1_5719401842463579519,0,364,http://dbpedia.org/resource/Banded_prinia
58891288_0_1117541047012405958,1,97,http://dbpedia.org/resource/12_Angry_Men
9834884_0_3871985887467090123,1,98,NOT FOUND URI
13719111_1_5719401842463579519,0,20,NOT FOUND URI
37856682_0_6818907050314633217,0,223,http://dbpedia.org/resource/Saskatchewan
84548468_0_5955155464119382182,1,57,http://dbpedia.org/resource/Don't_Look_Now
13719111_1_5719401842463579519,0,168,NOT FOUND URI
66009064_0_9148652238372261251,0,28,http://dbpedia.org/resource/Dave_Winfield
54719588_0_8417197176086756912,3,84,http://dbpedia.org/resource/Pledge
40534006_0_4617468856744635526,1,5,http://dbpedia.org/resource/Greg_Valentine
28086084_0_3127660530989916727,0,76,http://dbpedia.org/resource/Pope_Eugene_I
21245481_0_8730460088443117515,1,99,http://dbpedia.org/resource/Arbuckle_Reservoir
24036779_0_5608105867560183058,0,51,http://dbpedia.org/resource/Maldives
88523363_0_8180214313099580515,0,417,http://dbpedia.org/resource/Pereskia_aculeata
26310680_0_5150772059999313798,1,228,http://dbpedia.org/resource/Trinidad_and_Tobago_Dollar
53822652_0_5767892317858575530,1,204,http://dbpedia.org/resource/Gossip
13719111_1_5719401842463579519,0,469,http://dbpedia.org/resource/African_golden_oriole
21245481_0_8730460088443117515,1,148,NOT FOUND URI
90196673_0_5458330029110291950,0,208,http://dbpedia.org/resource/Red_breasted_nuthatch
90196673_0_5458330029110291950,0,413,http://dbpedia.org/resource/Green_water_snake
39173938_0_7916056990138658530,1,16,http://dbpedia.org/resource/The_Gold_Rush
34041816_1_4749054164534706977,1,1,http://dbpedia.org/resource/London_Heathrow_Airport
37856682_0_6818907050314633217,0,179,http://dbpedia.org/resource/Colorado
21362676_0_6854186738074119688,1,44,http://dbpedia.org/resource/High_Noon
50245608_0_871275842592178099,0,145,http://dbpedia.org/resource/Mystery_Alaska
90196673_0_5458330029110291950,0,283,http://dbpedia.org/resource/Field_sparrow
36102169_0_7739454799295072814,2,178,http://dbpedia.org/resource/Super_Mario_64
9475172_1_1023126399856690702,1,17,http://dbpedia.org/resource/La_Femme_Nikita
39650055_5_7135804139753401681,1,44,http://dbpedia.org/resource/Porsche
39107734_2_2329160387535788734,1,39,NOT FOUND URI
99070098_0_2074872741302696997,1,11,http://dbpedia.org/resource/Esk_Pike
35188621_0_6058553107571275232,1,107,http://dbpedia.org/resource/Wings_of_Desire
35188621_0_6058553107571275232,1,11,http://dbpedia.org/resource/The_Seventh_Seal
26310680_0_5150772059999313798,1,141,http://dbpedia.org/resource/Malaysian_Ringgit
13719111_1_5719401842463579519,0,362,NOT FOUND URI
39759273_0_1427898308030295194,1,98,http://dbpedia.org/resource/The_Night_of_the_Hunter
37856682_0_6818907050314633217,0,241,http://dbpedia.org/resource/Ontario
90196673_0_5458330029110291950,0,93,http://dbpedia.org/resource/Hooded_merganser
11833461_1_3811022039809817402,0,49,http://dbpedia.org/resource/Kirby's_Fun_Pak
13719111_1_5719401842463579519,0,533,NOT FOUND URI
88523363_0_8180214313099580515,0,116,http://dbpedia.org/resource/Chukrasia_tabularis
9475172_1_1023126399856690702,1,156,http://dbpedia.org/resource/Saved_by_the_Bell:_New_Class
66009064_0_9148652238372261251,0,29,http://dbpedia.org/resource/Paul_Molitor
50270082_0_444360818941411589,1,15,http://dbpedia.org/resource/Don_Sutton
90196673_0_5458330029110291950,0,398,http://dbpedia.org/resource/Broadhead_skink
90196673_0_5458330029110291950,0,94,http://dbpedia.org/resource/Hooded_merganser
54719588_0_8417197176086756912,3,214,http://dbpedia.org/resource/Abandon
13719111_1_5719401842463579519,0,61,http://dbpedia.org/resource/African_harrier_hawk
24036779_0_5608105867560183058,0,3,http://dbpedia.org/resource/Angola
50270082_0_444360818941411589,1,107,http://dbpedia.org/resource/Rube_Marquard
46671561_0_6122315295162029872,0,16,http://dbpedia.org/resource/Burnout_Paradise
88523363_0_8180214313099580515,0,306,http://dbpedia.org/resource/Juncus_spp.
21362676_0_6854186738074119688,1,22,http://dbpedia.org/resource/The_Grand_Illusion
88523363_0_8180214313099580515,0,230,http://dbpedia.org/resource/Ficus_altissima
69537082_0_7789694313271016902,1,114,http://dbpedia.org/resource/Kyrgyzstan
36102169_0_7739454799295072814,2,3,NOT FOUND URI
39759273_0_1427898308030295194,1,27,http://dbpedia.org/resource/Batman_Begins
39173938_0_7916056990138658530,1,85,http://dbpedia.org/resource/The_Band_Wagon
41480166_0_6681239260286218499,0,135,http://dbpedia.org/resource/Pope_Leo_IV
84575189_0_6365692015941409487,2,63,http://dbpedia.org/resource/The_Medical_Journal_of_Australia
39759273_0_1427898308030295194,1,12,http://dbpedia.org/resource/Up
88523363_0_8180214313099580515,0,85,http://dbpedia.org/resource/Calophyllum_antillanum
88523363_0_8180214313099580515,0,545,http://dbpedia.org/resource/Thunbergia_alata
46671561_0_6122315295162029872,0,105,http://dbpedia.org/resource/NBA_08
28086084_0_3127660530989916727,0,140,http://dbpedia.org/resource/Pope_Lucius_I
26310680_0_5150772059999313798,1,135,http://dbpedia.org/resource/Lithuanian_Litas
9475172_1_1023126399856690702,1,81,http://dbpedia.org/resource/La_Femme_Nikita
39759273_0_1427898308030295194,1,42,http://dbpedia.org/resource/Fight_Club
84575189_0_6365692015941409487,2,30,http://dbpedia.org/resource/The_American_Journal_of_Clinical_Nutrition
88523363_0_8180214313099580515,0,325,http://dbpedia.org/resource/Limonia_acidissima
22864497_0_8632623712684511496,0,103,http://dbpedia.org/resource/Darksiders
9834884_0_3871985887467090123,1,366,NOT FOUND URI
54719588_0_8417197176086756912,3,210,http://dbpedia.org/resource/Koyaanisqatsi
88523363_0_8180214313099580515,0,95,http://dbpedia.org/resource/Cecropia_obtusifolia
8468806_0_4382447409703007384,1,100,NOT FOUND URI
69537082_0_7789694313271016902,1,237,http://dbpedia.org/resource/Johnston_Atoll
91959037_0_7907661684242014480,1,51,http://dbpedia.org/resource/Soul_Calibur_II
9834884_0_3871985887467090123,1,229,NOT FOUND URI
38428277_0_1311643810102462607,1,1,http://dbpedia.org/resource/M
46671561_0_6122315295162029872,0,102,http://dbpedia.org/resource/NBA_Live_09
36102169_0_7739454799295072814,2,203,http://dbpedia.org/resource/Pokemon_Gold
28086084_0_3127660530989916727,0,90,http://dbpedia.org/resource/George
24036779_0_5608105867560183058,0,53,http://dbpedia.org/resource/Mexico
9834884_0_3871985887467090123,1,303,http://dbpedia.org/resource/Stedelijk_Museum_Alkmaar
90196673_0_5458330029110291950,0,128,http://dbpedia.org/resource/King_rail
9834884_0_3871985887467090123,1,130,http://dbpedia.org/resource/Palazzo_Strozzi
91959037_0_7907661684242014480,1,115,http://dbpedia.org/resource/Kirby's_Dream_Land_2
66009064_0_9148652238372261251,0,57,http://dbpedia.org/resource/Fred_Lynn
36102169_0_7739454799295072814,2,297,http://dbpedia.org/resource/God_of_War_II
22864497_0_8632623712684511496,0,200,NOT FOUND URI
28086084_0_3127660530989916727,0,6,http://dbpedia.org/resource/Adrian_of_Nicomedia
66009064_0_9148652238372261251,0,129,http://dbpedia.org/resource/George_McQuinn
84548468_0_5955155464119382182,1,24,http://dbpedia.org/resource/The_Color_Purple
9834884_0_3871985887467090123,1,99,http://dbpedia.org/resource/Staatsgalerie_Stuttgart
10579449_0_1681126353774891032,1,11,NOT FOUND URI
39107734_2_2329160387535788734,1,42,http://dbpedia.org/resource/Barcelona_Airport
35188621_0_6058553107571275232,1,88,http://dbpedia.org/resource/True_Romance
22864497_0_8632623712684511496,0,64,http://dbpedia.org/resource/Cabela's_Outdoor_Adventures
54719588_0_8417197176086756912,3,222,http://dbpedia.org/resource/Sound_and_fury
9475172_1_1023126399856690702,1,112,http://dbpedia.org/resource/Battlestar_Galactica
10579449_0_1681126353774891032,1,8,http://dbpedia.org/resource/Dinamalar
69537082_0_7789694313271016902,1,81,http://dbpedia.org/resource/Czech_Republic
9475172_1_1023126399856690702,1,168,http://dbpedia.org/resource/Reba
90196673_0_5458330029110291950,0,275,http://dbpedia.org/resource/Blue_grosbeak
90196673_0_5458330029110291950,0,227,http://dbpedia.org/resource/Wood_thrush
38428277_0_1311643810102462607,1,69,http://dbpedia.org/resource/Platoon
14067031_0_559833072073397908,0,36,http://dbpedia.org/resource/Namibia
37856682_0_6818907050314633217,0,134,http://dbpedia.org/resource/Greece
22864497_0_8632623712684511496,0,295,NOT FOUND URI
53822652_0_5767892317858575530,1,206,http://dbpedia.org/resource/The_Bucket_List
26310680_0_5150772059999313798,1,188,http://dbpedia.org/resource/French_Franc
52299421_0_4473286348258170200,1,16,http://dbpedia.org/resource/United_Kingdom
9834884_0_3871985887467090123,1,100,http://dbpedia.org/resource/Ackland_Art_Museum
66009064_0_9148652238372261251,0,50,http://dbpedia.org/resource/Willie_McGee
69537082_0_7789694313271016902,1,224,http://dbpedia.org/resource/Anguilla
8468806_0_4382447409703007384,1,20,NOT FOUND URI
53822652_0_5767892317858575530,1,418,http://dbpedia.org/resource/Broken_Flowers
21245481_0_8730460088443117515,1,211,http://dbpedia.org/resource/Jackson_Lake
41480166_0_6681239260286218499,0,146,http://dbpedia.org/resource/Pope_Marcellus_I
37856682_0_6818907050314633217,0,59,http://dbpedia.org/resource/New_Jersey
28086084_0_3127660530989916727,0,72,http://dbpedia.org/resource/Elizabeth_Ann_Seton
66009064_0_9148652238372261251,0,205,http://dbpedia.org/resource/Pat_Dougherty
90196673_0_5458330029110291950,0,367,http://dbpedia.org/resource/Red_fox
84575189_0_6365692015941409487,2,81,http://dbpedia.org/resource/Nature_Medicine
9834884_0_3871985887467090123,1,74,http://dbpedia.org/resource/British_Museum
13719111_1_5719401842463579519,0,88,NOT FOUND URI
22864497_0_8632623712684511496,0,116,http://dbpedia.org/resource/Diario:_Rebirth_Moon_Legend
26310680_0_5150772059999313798,1,237,http://dbpedia.org/resource/Pound_Sterling
28086084_0_3127660530989916727,0,49,http://dbpedia.org/resource/Catherine_of_Alexandria
41480166_0_6681239260286218499,0,204,http://dbpedia.org/resource/Teresa_of_Avila
60319454_0_3938426910282115527,0,31,http://dbpedia.org/resource/Orang_utan
90196673_0_5458330029110291950,0,67,http://dbpedia.org/resource/Yellow_crowned_night_heron
60319454_0_3938426910282115527,0,23,http://dbpedia.org/resource/Himalayan_black_bear
9567241_0_5666388268510912770,1,21,NOT FOUND URI
53822652_0_5767892317858575530,1,291,http://dbpedia.org/resource/28_Weeks_Later
39173938_0_7916056990138658530,1,51,http://dbpedia.org/resource/Four_Weddings_and_a_Funeral
90196673_0_5458330029110291950,0,114,NOT FOUND URI
14067031_0_559833072073397908,0,31,http://dbpedia.org/resource/Mali
90196673_0_5458330029110291950,0,119,http://dbpedia.org/resource/American_kestrel
66009064_0_9148652238372261251,0,146,http://dbpedia.org/resource/Lou_Gehrig
53822652_0_5767892317858575530,1,42,http://dbpedia.org/resource/Midnight_in_Paris
90196673_0_5458330029110291950,0,132,http://dbpedia.org/resource/Killdeer
54719588_0_8417197176086756912,3,11,http://dbpedia.org/resource/Down_To_Earth
33401079_0_9127583903019856402,0,73,NOT FOUND URI
16767252_0_2409448375013995751,1,38,http://dbpedia.org/resource/L'Avventura
84575189_0_6365692015941409487,2,47,http://dbpedia.org/resource/Copeia
37856682_0_6818907050314633217,0,115,http://dbpedia.org/resource/South_Korea
53822652_0_5767892317858575530,1,81,http://dbpedia.org/resource/Unstoppable
90196673_0_5458330029110291950,0,38,http://dbpedia.org/resource/Green_treefrog
88523363_0_8180214313099580515,0,112,http://dbpedia.org/resource/Chlorophytum_comosum
88523363_0_8180214313099580515,0,38,http://dbpedia.org/resource/Amaranthus_spinosus
50245608_0_871275842592178099,0,130,http://dbpedia.org/resource/Memento
25404227_0_2240631045609013057,1,3,http://dbpedia.org/resource/Star_Wars
71840765_0_6664391841933033844,0,13,http://dbpedia.org/resource/Lake_Zurich
99070098_0_2074872741302696997,1,70,http://dbpedia.org/resource/Seat_Sandal
37856682_0_6818907050314633217,0,99,http://dbpedia.org/resource/Scotland
90196673_0_5458330029110291950,0,17,NOT FOUND URI
9475172_1_1023126399856690702,1,77,http://dbpedia.org/resource/Tilt
52299421_0_4473286348258170200,1,28,http://dbpedia.org/resource/Korea_South
34041816_1_4749054164534706977,1,14,NOT FOUND URI
13719111_1_5719401842463579519,0,65,http://dbpedia.org/resource/Wahlberg's_eagle
90196673_0_5458330029110291950,0,40,http://dbpedia.org/resource/Gray_treefrog
22864497_0_8632623712684511496,0,128,http://dbpedia.org/resource/Dynasty_Warriors_6:_Empires
69881946_0_1105130426898457358,1,20,http://dbpedia.org/resource/The_Lion_King
21362676_0_6854186738074119688,1,12,http://dbpedia.org/resource/The_Godfather:_Part_II
53822652_0_5767892317858575530,1,13,http://dbpedia.org/resource/Turn_Me_On_Dammit!
36102169_0_7739454799295072814,2,202,http://dbpedia.org/resource/Pokemon_Silver
36102169_0_7739454799295072814,2,365,http://dbpedia.org/resource/The_Lion_King
39759273_0_1427898308030295194,1,59,http://dbpedia.org/resource/Schindler's_List
9834884_0_3871985887467090123,1,157,http://dbpedia.org/resource/Fries_Museum
8468806_0_4382447409703007384,1,17,NOT FOUND URI
52299421_0_4473286348258170200,1,33,http://dbpedia.org/resource/Czech_Republic
50270082_0_444360818941411589,1,48,http://dbpedia.org/resource/Jack_Quinn
36102169_0_7739454799295072814,2,35,http://dbpedia.org/resource/Guitar_Hero_III:_Legends_of_Rock
8468806_0_4382447409703007384,1,56,http://dbpedia.org/resource/Nam_Tso
13719111_1_5719401842463579519,0,116,http://dbpedia.org/resource/African_green_pigeon
13719111_1_5719401842463579519,0,213,NOT FOUND URI
53822652_0_5767892317858575530,1,268,http://dbpedia.org/resource/Amazing_Grace
24036779_0_5608105867560183058,0,81,http://dbpedia.org/resource/United_States
90196673_0_5458330029110291950,0,162,http://dbpedia.org/resource/Belted_kingfisher
13719111_1_5719401842463579519,0,474,NOT FOUND URI
41336118_0_4331895026409635103,0,15,http://dbpedia.org/resource/BHP_Billiton
50245608_0_871275842592178099,0,177,http://dbpedia.org/resource/Rounders
90196673_0_5458330029110291950,0,276,http://dbpedia.org/resource/Indigo_bunting
13719111_1_5719401842463579519,0,76,http://dbpedia.org/resource/Peregrine_falcon
37856682_0_6818907050314633217,0,106,http://dbpedia.org/resource/Azerbaijan
22864497_0_8632623712684511496,0,344,http://dbpedia.org/resource/Transformers:_Revenge_of_the_Fallen
26310680_0_5150772059999313798,1,36,http://dbpedia.org/resource/Lev
22864497_0_8632623712684511496,0,239,http://dbpedia.org/resource/Onechanbara:_Bikini_Samurai_Squad
53822652_0_5767892317858575530,1,118,http://dbpedia.org/resource/Where_the_Wild_Things_Are
25404227_0_2240631045609013057,1,16,http://dbpedia.org/resource/Toy_Story
53822652_0_5767892317858575530,1,355,http://dbpedia.org/resource/16_Blocks
35188621_0_6058553107571275232,1,105,http://dbpedia.org/resource/Wild_Strawberries
54719588_0_8417197176086756912,3,234,http://dbpedia.org/resource/Magnificent_Seven
69537082_0_7789694313271016902,1,116,http://dbpedia.org/resource/Georgia
53822652_0_5767892317858575530,1,155,http://dbpedia.org/resource/Drag_Me_to_Hell
34041816_1_4749054164534706977,1,30,http://dbpedia.org/resource/Shanghai_Pudong_International_Airport
9475172_1_1023126399856690702,1,102,http://dbpedia.org/resource/The_Andy_Griffith_Show
9834884_0_3871985887467090123,1,177,http://dbpedia.org/resource/Bowes_Museum
41480166_0_6681239260286218499,0,11,http://dbpedia.org/resource/Aidan_of_Lindisfarne
41480166_0_6681239260286218499,0,72,http://dbpedia.org/resource/Elizabeth_Ann_Seton
88523363_0_8180214313099580515,0,287,http://dbpedia.org/resource/Hyptis_capitata
53822652_0_5767892317858575530,1,69,http://dbpedia.org/resource/Death_Race_2
33401079_0_9127583903019856402,0,51,http://dbpedia.org/resource/David_Hilbert
26310680_0_5150772059999313798,1,56,http://dbpedia.org/resource/New_Zealand_Dollar
8468806_0_4382447409703007384,1,82,NOT FOUND URI
21362676_0_6854186738074119688,1,31,http://dbpedia.org/resource/Groundhog_Day
20135078_0_7570343137119682530,1,28,http://dbpedia.org/resource/Indiana_Jones_and_the_Last_Crusade
53822652_0_5767892317858575530,1,33,http://dbpedia.org/resource/Moneyball
90196673_0_5458330029110291950,0,88,http://dbpedia.org/resource/Lesser_scaup
25404227_0_2240631045609013057,1,91,http://dbpedia.org/resource/The_Abyss
25404227_0_2240631045609013057,1,67,http://dbpedia.org/resource/The_Last_of_the_Mohicans
54719588_0_8417197176086756912,3,162,http://dbpedia.org/resource/L.I.E.
26310680_0_5150772059999313798,1,113,http://dbpedia.org/resource/Irish_Pound
69537082_0_7789694313271016902,1,216,http://dbpedia.org/resource/Monaco
36102169_0_7739454799295072814,2,291,http://dbpedia.org/resource/Gran_Turismo_4
9834884_0_3871985887467090123,1,61,http://dbpedia.org/resource/Phoenix_Art_Museum
90196673_0_5458330029110291950,0,362,http://dbpedia.org/resource/Muskrat
8468806_0_4382447409703007384,1,22,NOT FOUND URI
71840765_0_6664391841933033844,0,6,http://dbpedia.org/resource/Lake_Lucerne
69537082_0_7789694313271016902,1,170,http://dbpedia.org/resource/Macau
66009064_0_9148652238372261251,0,229,NOT FOUND URI
50270082_0_444360818941411589,1,113,http://dbpedia.org/resource/Bucky_Walters
9834884_0_3871985887467090123,1,97,NOT FOUND URI
58891288_0_1117541047012405958,1,90,http://dbpedia.org/resource/Midnight_Cowboy
91959037_0_7907661684242014480,1,233,NOT FOUND URI
90196673_0_5458330029110291950,0,231,http://dbpedia.org/resource/Northern_mockingbird
13719111_1_5719401842463579519,0,284,http://dbpedia.org/resource/Ansorge's_greenbul
41480166_0_6681239260286218499,0,34,http://dbpedia.org/resource/Bernard_of_Clairvaux
22864497_0_8632623712684511496,0,7,http://dbpedia.org/resource/Alan_Wake
39759273_0_1427898308030295194,1,21,http://dbpedia.org/resource/The_Departed
50245608_0_871275842592178099,0,46,http://dbpedia.org/resource/Closer
69537082_0_7789694313271016902,1,9,http://dbpedia.org/resource/Bangladesh
26310680_0_5150772059999313798,1,157,http://dbpedia.org/resource/Metical
22864497_0_8632623712684511496,0,149,http://dbpedia.org/resource/Full_Auto
26310680_0_5150772059999313798,1,75,http://dbpedia.org/resource/Nakfa
91959037_0_7907661684242014480,1,268,http://dbpedia.org/resource/Tony_Hawk's_Pro_Skater_4
66009064_0_9148652238372261251,0,82,http://dbpedia.org/resource/Freddie_Patek
50245608_0_871275842592178099,0,219,http://dbpedia.org/resource/Speed
54719588_0_8417197176086756912,3,103,NOT FOUND URI
41336118_0_4331895026409635103,0,19,http://dbpedia.org/resource/HSBC_Holdings
13719111_1_5719401842463579519,0,103,http://dbpedia.org/resource/African_wattled_lapwing
66009064_0_9148652238372261251,0,89,http://dbpedia.org/resource/Randy_Hundley
77694908_0_6083291340991074532,1,88,http://dbpedia.org/resource/Scarface
91959037_0_7907661684242014480,1,282,http://dbpedia.org/resource/RollerCoaster_Tycoon
63450419_0_8012592961815711786,1,82,http://dbpedia.org/resource/Distichlis_spicata
16767252_0_2409448375013995751,1,20,http://dbpedia.org/resource/Amarcord
69537082_0_7789694313271016902,1,201,http://dbpedia.org/resource/Northern_Mariana_Islands
54719588_0_8417197176086756912,3,3,http://dbpedia.org/resource/Pi
91959037_0_7907661684242014480,1,217,NOT FOUND URI
66009064_0_9148652238372261251,0,8,http://dbpedia.org/resource/Chris_Singleton
50270082_0_444360818941411589,1,79,http://dbpedia.org/resource/Earl_Whitehill
66009064_0_9148652238372261251,0,130,http://dbpedia.org/resource/Joe_Gordon
90196673_0_5458330029110291950,0,313,http://dbpedia.org/resource/Pine_siskin
34041816_1_4749054164534706977,1,3,http://dbpedia.org/resource/Frankfurt_Airport
99070098_0_2074872741302696997,1,23,http://dbpedia.org/resource/Scoat_Fell
28086084_0_3127660530989916727,0,215,http://dbpedia.org/resource/Pope_Urban_I
71840765_0_6664391841933033844,0,14,http://dbpedia.org/resource/Walensee
53822652_0_5767892317858575530,1,68,http://dbpedia.org/resource/Cyrus
91959037_0_7907661684242014480,1,328,http://dbpedia.org/resource/SingStar_Party
9834884_0_3871985887467090123,1,346,http://dbpedia.org/resource/Museum_Mesdag
91959037_0_7907661684242014480,1,360,NOT FOUND URI
88523363_0_8180214313099580515,0,30,http://dbpedia.org/resource/Alternanthera_caracasana
13719111_1_5719401842463579519,0,501,http://dbpedia.org/resource/Strange_weaver
14067031_0_559833072073397908,0,53,NOT FOUND URI
41480166_0_6681239260286218499,0,91,http://dbpedia.org/resource/Gregory_the_Illuminator
50245608_0_871275842592178099,0,162,http://dbpedia.org/resource/Producers
8468806_0_4382447409703007384,1,10,NOT FOUND URI
9475172_1_1023126399856690702,1,145,http://dbpedia.org/resource/Jackass
84575189_0_6365692015941409487,2,13,NOT FOUND URI
21245481_0_8730460088443117515,1,183,NOT FOUND URI
28086084_0_3127660530989916727,0,198,http://dbpedia.org/resource/Stephen
13719111_1_5719401842463579519,0,552,http://dbpedia.org/resource/Streaky_seedeater
54719588_0_8417197176086756912,3,139,NOT FOUND URI
36102169_0_7739454799295072814,2,112,http://dbpedia.org/resource/Madden_NFL_2006
90196673_0_5458330029110291950,0,312,http://dbpedia.org/resource/Purple_finch
9834884_0_3871985887467090123,1,64,NOT FOUND URI
91959037_0_7907661684242014480,1,67,NOT FOUND URI
9834884_0_3871985887467090123,1,46,http://dbpedia.org/resource/Statens_Museum_for_Kunst
13719111_1_5719401842463579519,0,56,http://dbpedia.org/resource/Lizard_buzzard
9475172_1_1023126399856690702,1,132,http://dbpedia.org/resource/CSI:_Crime_Scene_Investigation
90196673_0_5458330029110291950,0,353,http://dbpedia.org/resource/White_footed_mouse
22864497_0_8632623712684511496,0,39,http://dbpedia.org/resource/Bionic_Commando
53822652_0_5767892317858575530,1,426,http://dbpedia.org/resource/Lord_of_War
90196673_0_5458330029110291950,0,205,http://dbpedia.org/resource/Tufted_titmouse
36102169_0_7739454799295072814,2,221,http://dbpedia.org/resource/Donkey_Kong_Country
39650055_5_7135804139753401681,1,50,http://dbpedia.org/resource/Carrefour
91959037_0_7907661684242014480,1,75,http://dbpedia.org/resource/The_Legend_of_Zelda:_Phantom_Hourglass
26310680_0_5150772059999313798,1,16,http://dbpedia.org/resource/Australian_Dollar
90196673_0_5458330029110291950,0,420,http://dbpedia.org/resource/Queen_snake
35188621_0_6058553107571275232,1,60,http://dbpedia.org/resource/Terminator_2:_Judgment_Day
63450419_0_8012592961815711786,1,57,http://dbpedia.org/resource/Carex_geyeri
9834884_0_3871985887467090123,1,250,http://dbpedia.org/resource/Chhatrapati_Shivaji_Maharaj_Vastu_Sangrahalaya
14380604_4_3329235705746762392,1,20,http://dbpedia.org/resource/Total_S.A.
88523363_0_8180214313099580515,0,575,http://dbpedia.org/resource/Vitex_parviflora
22864497_0_8632623712684511496,0,46,http://dbpedia.org/resource/BlazBlue:_Continuum_Shift
13719111_1_5719401842463579519,0,415,NOT FOUND URI
9834884_0_3871985887467090123,1,3,NOT FOUND URI
22864497_0_8632623712684511496,0,12,http://dbpedia.org/resource/Armored_Core_4
52299421_0_4473286348258170200,1,72,http://dbpedia.org/resource/Lithuania
24036779_0_5608105867560183058,0,9,http://dbpedia.org/resource/Belgium
39173938_0_7916056990138658530,1,88,http://dbpedia.org/resource/42nd_Street
91959037_0_7907661684242014480,1,82,http://dbpedia.org/resource/Super_Mario_Kart
26310680_0_5150772059999313798,1,118,http://dbpedia.org/resource/Jordanian_Dinar
69537082_0_7789694313271016902,1,89,http://dbpedia.org/resource/Somalia
53822652_0_5767892317858575530,1,343,http://dbpedia.org/resource/Hard_Candy
26310680_0_5150772059999313798,1,250,http://dbpedia.org/resource/CFP_Franc
35188621_0_6058553107571275232,1,58,http://dbpedia.org/resource/Taxi_Driver
46671561_0_6122315295162029872,0,57,http://dbpedia.org/resource/Guitar_Hero:_Metallica
53822652_0_5767892317858575530,1,388,http://dbpedia.org/resource/The_Manchurian_Candidate
9834884_0_3871985887467090123,1,137,NOT FOUND URI
99070098_0_2074872741302696997,1,24,NOT FOUND URI
33401079_0_9127583903019856402,0,71,http://dbpedia.org/resource/Wernher_von_Braun
77694908_0_6083291340991074532,1,29,http://dbpedia.org/resource/The_Usual_Suspects
88523363_0_8180214313099580515,0,356,http://dbpedia.org/resource/Melochia_umbellata
33401079_0_9127583903019856402,0,18,http://dbpedia.org/resource/Ludwig_van_Beethoven
28086084_0_3127660530989916727,0,194,http://dbpedia.org/resource/Pope_Sixtus_I
34041816_1_4749054164534706977,1,23,http://dbpedia.org/resource/Toronto_Pearson_International_Airport
36102169_0_7739454799295072814,2,307,http://dbpedia.org/resource/Daxter
33401079_0_9127583903019856402,0,69,http://dbpedia.org/resource/Theodor_Adorno
84575189_0_6365692015941409487,2,93,http://dbpedia.org/resource/Journal_of_the_American_Veterinary_Medical_Association
25404227_0_2240631045609013057,1,22,http://dbpedia.org/resource/Butch_Cassidy_and_the_Sundance_Kid
90196673_0_5458330029110291950,0,292,http://dbpedia.org/resource/Song_sparrow
63450419_0_8012592961815711786,1,71,NOT FOUND URI
52299421_0_4473286348258170200,1,26,NOT FOUND URI
37856682_0_6818907050314633217,0,123,http://dbpedia.org/resource/Honduras
90196673_0_5458330029110291950,0,408,http://dbpedia.org/resource/Mud_snake
38428277_0_1311643810102462607,1,54,http://dbpedia.org/resource/The_Passion_of_Joan_of_Arc
50245608_0_871275842592178099,0,182,http://dbpedia.org/resource/Santa_Claus_Conquers_the_Martians
24036779_0_5608105867560183058,0,19,NOT FOUND URI
54719588_0_8417197176086756912,3,61,http://dbpedia.org/resource/Panic_Room
40534006_0_4617468856744635526,1,19,http://dbpedia.org/resource/Dustin_Rhodes
13719111_1_5719401842463579519,0,408,http://dbpedia.org/resource/Mountain_illadopsis
88523363_0_8180214313099580515,0,554,http://dbpedia.org/resource/Triadica_sebifera
88523363_0_8180214313099580515,0,581,http://dbpedia.org/resource/Yucca_aloifolia
13719111_1_5719401842463579519,0,310,NOT FOUND URI
66009064_0_9148652238372261251,0,66,http://dbpedia.org/resource/Jack_Brohamer
36102169_0_7739454799295072814,2,243,http://dbpedia.org/resource/Yoshi's_Island_DS
38428277_0_1311643810102462607,1,80,http://dbpedia.org/resource/The_Quiet_Man
50270082_0_444360818941411589,1,133,http://dbpedia.org/resource/Curt_Simmons
13719111_1_5719401842463579519,0,430,http://dbpedia.org/resource/Olive_sunbird
90196673_0_5458330029110291950,0,383,http://dbpedia.org/resource/Common_map_turtle
66009064_0_9148652238372261251,0,163,http://dbpedia.org/resource/Freddy_Lindstrom
22864497_0_8632623712684511496,0,238,http://dbpedia.org/resource/No_Fate!_Only_the_Power_of_Will
26310680_0_5150772059999313798,1,231,http://dbpedia.org/resource/Manat
21245481_0_8730460088443117515,1,24,NOT FOUND URI
88523363_0_8180214313099580515,0,432,http://dbpedia.org/resource/Pinus_elliottii
50245608_0_871275842592178099,0,138,http://dbpedia.org/resource/Monty_Python_and_the_Holy_Grail
11833461_1_3811022039809817402,0,7,http://dbpedia.org/resource/Super_Mario_World
22864497_0_8632623712684511496,0,151,http://dbpedia.org/resource/Gears_of_War_2
37856682_0_6818907050314633217,0,84,http://dbpedia.org/resource/Slovakia
37856682_0_6818907050314633217,0,160,http://dbpedia.org/resource/Nebraska
69537082_0_7789694313271016902,1,90,http://dbpedia.org/resource/Rwanda
20135078_0_7570343137119682530,1,38,http://dbpedia.org/resource/Clerks.
90196673_0_5458330029110291950,0,234,http://dbpedia.org/resource/Brown_thrasher
50245608_0_871275842592178099,0,114,http://dbpedia.org/resource/Juno
90196673_0_5458330029110291950,0,44,http://dbpedia.org/resource/Eastern_narrowmouth_toad
36102169_0_7739454799295072814,2,17,http://dbpedia.org/resource/Tony_Hawk's_Pro_Skater_3
37856682_0_6818907050314633217,0,133,http://dbpedia.org/resource/Nicaragua
28086084_0_3127660530989916727,0,179,http://dbpedia.org/resource/Philomena
69881946_0_1105130426898457358,1,64,http://dbpedia.org/resource/Wings_of_Desire
88523363_0_8180214313099580515,0,52,http://dbpedia.org/resource/Arundo_donax
9834884_0_3871985887467090123,1,109,http://dbpedia.org/resource/Kunstmuseum_Basel
69881946_0_1105130426898457358,1,12,http://dbpedia.org/resource/Blazing_Saddles
99070098_0_2074872741302696997,1,80,http://dbpedia.org/resource/Brandreth
91959037_0_7907661684242014480,1,258,http://dbpedia.org/resource/Hercules
21362676_0_6854186738074119688,1,47,http://dbpedia.org/resource/The_Hunt_for_Red_October
88523363_0_8180214313099580515,0,312,http://dbpedia.org/resource/Kunzea_ericoides
91959037_0_7907661684242014480,1,246,NOT FOUND URI
66009064_0_9148652238372261251,0,34,http://dbpedia.org/resource/Eric_Davis
13719111_1_5719401842463579519,0,22,http://dbpedia.org/resource/Yellow_billed_stork
69537082_0_7789694313271016902,1,147,http://dbpedia.org/resource/Namibia
50245608_0_871275842592178099,0,155,NOT FOUND URI
50270082_0_444360818941411589,1,152,http://dbpedia.org/resource/Art_Nehf
35188621_0_6058553107571275232,1,19,http://dbpedia.org/resource/Shrek
69537082_0_7789694313271016902,1,12,http://dbpedia.org/resource/Japan
53822652_0_5767892317858575530,1,51,http://dbpedia.org/resource/Battle_Los_Angeles
21245481_0_8730460088443117515,1,43,NOT FOUND URI
9834884_0_3871985887467090123,1,279,http://dbpedia.org/resource/Pretoria_Art_Museum
11833461_1_3811022039809817402,0,50,NOT FOUND URI
38428277_0_1311643810102462607,1,5,http://dbpedia.org/resource/Magnolia
77694908_0_6083291340991074532,1,59,http://dbpedia.org/resource/Memento
13719111_1_5719401842463579519,0,509,NOT FOUND URI
9475172_1_1023126399856690702,1,114,http://dbpedia.org/resource/Gilmore_Girls
13719111_1_5719401842463579519,0,68,NOT FOUND URI
22864497_0_8632623712684511496,0,13,http://dbpedia.org/resource/Armored_Core:_For_Answer
22864497_0_8632623712684511496,0,334,http://dbpedia.org/resource/Tomb_Raider:_Legend
26310680_0_5150772059999313798,1,84,http://dbpedia.org/resource/French_Franc
91959037_0_7907661684242014480,1,70,http://dbpedia.org/resource/Tekken_Tag_Tournament
22864497_0_8632623712684511496,0,229,NOT FOUND URI
37856682_0_6818907050314633217,0,50,http://dbpedia.org/resource/Connecticut
66009064_0_9148652238372261251,0,118,http://dbpedia.org/resource/Joe_DiMaggio
88523363_0_8180214313099580515,0,240,http://dbpedia.org/resource/Flacourtia_indica
90196673_0_5458330029110291950,0,339,http://dbpedia.org/resource/Evening_bat
60319454_0_3938426910282115527,0,17,NOT FOUND URI
69537082_0_7789694313271016902,1,146,http://dbpedia.org/resource/Lesotho
69537082_0_7789694313271016902,1,20,http://dbpedia.org/resource/Iran
9834884_0_3871985887467090123,1,25,http://dbpedia.org/resource/Seattle_Art_Museum
22864497_0_8632623712684511496,0,286,http://dbpedia.org/resource/Section_8
21362676_0_6854186738074119688,1,43,http://dbpedia.org/resource/High_Fidelity
88523363_0_8180214313099580515,0,390,http://dbpedia.org/resource/Paederia_foetida
90196673_0_5458330029110291950,0,406,http://dbpedia.org/resource/Corn_snake
88523363_0_8180214313099580515,0,368,http://dbpedia.org/resource/Morella_cerifera
20135078_0_7570343137119682530,1,57,http://dbpedia.org/resource/Das_Boot
28086084_0_3127660530989916727,0,92,http://dbpedia.org/resource/Gregory_Nazianzus
50270082_0_444360818941411589,1,54,http://dbpedia.org/resource/Herb_Pennock
54719588_0_8417197176086756912,3,65,http://dbpedia.org/resource/Haiku_Tunnel
63450419_0_8012592961815711786,1,118,http://dbpedia.org/resource/Juncus_castaneus
9834884_0_3871985887467090123,1,362,NOT FOUND URI
50270082_0_444360818941411589,1,162,http://dbpedia.org/resource/Virgil_Trucks
90196673_0_5458330029110291950,0,140,http://dbpedia.org/resource/Least_tern
39759273_0_1427898308030295194,1,61,http://dbpedia.org/resource/Reservoir_Dogs
39650055_5_7135804139753401681,1,72,http://dbpedia.org/resource/Siemens
90196673_0_5458330029110291950,0,209,NOT FOUND URI
9475172_1_1023126399856690702,1,22,http://dbpedia.org/resource/Magnum_P.I.
84575189_0_6365692015941409487,2,91,NOT FOUND URI
37856682_0_6818907050314633217,0,132,http://dbpedia.org/resource/England
66009064_0_9148652238372261251,0,30,http://dbpedia.org/resource/Robby_Thompson
84575189_0_6365692015941409487,2,41,http://dbpedia.org/resource/Nature_Genetics
37856682_0_6818907050314633217,0,7,http://dbpedia.org/resource/Washington_DC
37856682_0_6818907050314633217,0,66,http://dbpedia.org/resource/Haiti
50245608_0_871275842592178099,0,242,http://dbpedia.org/resource/Thank_You_for_Smoking
13719111_1_5719401842463579519,0,58,http://dbpedia.org/resource/African_goshawk
26310680_0_5150772059999313798,1,33,http://dbpedia.org/resource/Brazilian_Real
28086084_0_3127660530989916727,0,121,http://dbpedia.org/resource/John_of_Damascus
29414811_12_251152470253168163,1,7,http://dbpedia.org/resource/Resident_Evil_4
88523363_0_8180214313099580515,0,89,http://dbpedia.org/resource/Cardiospermum_grandiflorum
28086084_0_3127660530989916727,0,91,http://dbpedia.org/resource/Gregory_the_Illuminator
60319454_0_3938426910282115527,0,32,http://dbpedia.org/resource/Ostrich
25404227_0_2240631045609013057,1,75,http://dbpedia.org/resource/Voyage_to_the_Moon
38428277_0_1311643810102462607,1,90,http://dbpedia.org/resource/Rebecca
36102169_0_7739454799295072814,2,348,http://dbpedia.org/resource/WWE_Smackdown_vs_Raw_2007
69537082_0_7789694313271016902,1,102,http://dbpedia.org/resource/Paraguay
21245481_0_8730460088443117515,1,152,NOT FOUND URI
66009064_0_9148652238372261251,0,103,http://dbpedia.org/resource/Mickey_Mantle
28086084_0_3127660530989916727,0,15,http://dbpedia.org/resource/Ambrose_of_Milan
21362676_0_6854186738074119688,1,98,http://dbpedia.org/resource/The_Lord_of_the_Rings:_Two_Towers
50245608_0_871275842592178099,0,181,http://dbpedia.org/resource/Rushmore
66009064_0_9148652238372261251,0,133,http://dbpedia.org/resource/Johnny_Mize
53822652_0_5767892317858575530,1,423,http://dbpedia.org/resource/Brown_Bunny
40534006_0_4617468856744635526,1,27,http://dbpedia.org/resource/Paul_Jones
34041816_1_4749054164534706977,1,21,http://dbpedia.org/resource/Los_Angeles_International_Airport
52299421_0_4473286348258170200,1,74,http://dbpedia.org/resource/Guatemala
99070098_0_2074872741302696997,1,13,http://dbpedia.org/resource/Fairfield
36102169_0_7739454799295072814,2,211,NOT FOUND URI
26310680_0_5150772059999313798,1,106,http://dbpedia.org/resource/Forint
9834884_0_3871985887467090123,1,70,NOT FOUND URI
50245608_0_871275842592178099,0,71,http://dbpedia.org/resource/Fargo
90196673_0_5458330029110291950,0,381,http://dbpedia.org/resource/Alligator_snapping_turtle
91959037_0_7907661684242014480,1,238,http://dbpedia.org/resource/Icy_Tower
50270082_0_444360818941411589,1,5,http://dbpedia.org/resource/Pud_Galvin
9834884_0_3871985887467090123,1,239,NOT FOUND URI
53822652_0_5767892317858575530,1,114,http://dbpedia.org/resource/Iron_Man_2
69537082_0_7789694313271016902,1,34,http://dbpedia.org/resource/Poland
50245608_0_871275842592178099,0,229,NOT FOUND URI
14067031_0_559833072073397908,0,2,http://dbpedia.org/resource/Angola
99070098_0_2074872741302696997,1,194,http://dbpedia.org/resource/Arnison_Crag
77694908_0_6083291340991074532,1,55,http://dbpedia.org/resource/The_Good_the_Bad_and_the_Ugly
24036779_0_5608105867560183058,0,45,http://dbpedia.org/resource/Lebanon
66009064_0_9148652238372261251,0,31,http://dbpedia.org/resource/George_Brett
88523363_0_8180214313099580515,0,450,http://dbpedia.org/resource/Psidium_guineense
21245481_0_8730460088443117515,1,75,NOT FOUND URI
41480166_0_6681239260286218499,0,51,http://dbpedia.org/resource/Pope_Celestine_I
69537082_0_7789694313271016902,1,150,http://dbpedia.org/resource/Gambia
29414811_13_8724394428539174350,1,2,NOT FOUND URI
9567241_0_5666388268510912770,1,6,http://dbpedia.org/resource/Times_of_India
54719588_0_8417197176086756912,3,198,http://dbpedia.org/resource/There's_Something_About_Mary
8468806_0_4382447409703007384,1,44,NOT FOUND URI
84548468_0_5955155464119382182,1,91,http://dbpedia.org/resource/For_a_Few_Dollars_More
91959037_0_7907661684242014480,1,386,http://dbpedia.org/resource/Need_For_Speed:_Carbon
39173938_0_7916056990138658530,1,29,http://dbpedia.org/resource/A_Hard_Day's_Night
99070098_0_2074872741302696997,1,189,http://dbpedia.org/resource/Cat_Bells
9475172_1_1023126399856690702,1,16,http://dbpedia.org/resource/21_Jump_Street
35188621_0_6058553107571275232,1,28,http://dbpedia.org/resource/Sling_Blade
24036779_0_5608105867560183058,0,59,http://dbpedia.org/resource/Pakistan
37856682_0_6818907050314633217,0,15,http://dbpedia.org/resource/St_Vincent_and_the_Grenadines
88523363_0_8180214313099580515,0,377,http://dbpedia.org/resource/Ocimum_gratissimum
90196673_0_5458330029110291950,0,402,http://dbpedia.org/resource/Scarlet_snake
13719111_1_5719401842463579519,0,530,NOT FOUND URI
99070098_0_2074872741302696997,1,175,http://dbpedia.org/resource/Stone_Arthur
63450419_0_8012592961815711786,1,17,http://dbpedia.org/resource/Andropogon_virginicus
9834884_0_3871985887467090123,1,121,http://dbpedia.org/resource/National_Museum_of_Fine_Arts
9834884_0_3871985887467090123,1,83,NOT FOUND URI
69881946_0_1105130426898457358,1,39,http://dbpedia.org/resource/A_Christmas_Story
13719111_1_5719401842463579519,0,439,NOT FOUND URI
22864497_0_8632623712684511496,0,127,http://dbpedia.org/resource/Dynasty_Warriors_6
90196673_0_5458330029110291950,0,57,http://dbpedia.org/resource/Double_crested_cormorant
22864497_0_8632623712684511496,0,98,NOT FOUND URI
53822652_0_5767892317858575530,1,273,http://dbpedia.org/resource/Dan_in_Real_Life
84548468_0_5955155464119382182,1,81,http://dbpedia.org/resource/Fear_and_Loathing_in_Las_Vegas
99070098_0_2074872741302696997,1,103,http://dbpedia.org/resource/Wether_Hill
99070098_0_2074872741302696997,1,98,http://dbpedia.org/resource/Loft_Crag
90196673_0_5458330029110291950,0,199,http://dbpedia.org/resource/Fish_crow
21245481_0_8730460088443117515,1,60,http://dbpedia.org/resource/Enid_Lake
21362676_0_6854186738074119688,1,19,http://dbpedia.org/resource/Goodfellas
22864497_0_8632623712684511496,0,274,http://dbpedia.org/resource/Rio
26310680_0_5150772059999313798,1,122,http://dbpedia.org/resource/North_Korean_Won
36102169_0_7739454799295072814,2,265,http://dbpedia.org/resource/Gran_Turismo_2
53822652_0_5767892317858575530,1,245,http://dbpedia.org/resource/Enchanted
66009064_0_9148652238372261251,0,156,http://dbpedia.org/resource/Mickey_Cochrane
8468806_0_4382447409703007384,1,38,NOT FOUND URI
16767252_0_2409448375013995751,1,23,http://dbpedia.org/resource/American_Graffiti
9834884_0_3871985887467090123,1,37,http://dbpedia.org/resource/Frick_Collection
46671561_0_6122315295162029872,0,119,http://dbpedia.org/resource/Pure
21362676_0_6854186738074119688,1,46,http://dbpedia.org/resource/The_Hudsucker_Proxy
39173938_0_7916056990138658530,1,99,http://dbpedia.org/resource/Tom_Jones
37856682_0_6818907050314633217,0,81,http://dbpedia.org/resource/Estonia
84575189_0_6365692015941409487,2,54,http://dbpedia.org/resource/Gastroenterology
39650055_5_7135804139753401681,1,26,http://dbpedia.org/resource/Dell
37856682_0_6818907050314633217,0,38,http://dbpedia.org/resource/Brunei
20135078_0_7570343137119682530,1,94,http://dbpedia.org/resource/The_Best_Years_of_Our_Lives
13719111_1_5719401842463579519,0,162,NOT FOUND URI
84548468_0_5955155464119382182,1,26,http://dbpedia.org/resource/Contempt
88523363_0_8180214313099580515,0,92,http://dbpedia.org/resource/Castilla_elastica
9834884_0_3871985887467090123,1,12,NOT FOUND URI
36102169_0_7739454799295072814,2,52,http://dbpedia.org/resource/Resident_Evil_3:_Nemesis
21245481_0_8730460088443117515,1,128,NOT FOUND URI
37856682_0_6818907050314633217,0,181,http://dbpedia.org/resource/Ecuador
46671561_0_6122315295162029872,0,67,http://dbpedia.org/resource/Jericho
22864497_0_8632623712684511496,0,180,http://dbpedia.org/resource/L.A._Noire
45073662_0_3179937335063201739,1,24,http://dbpedia.org/resource/Al_Kaline
21245481_0_8730460088443117515,1,190,NOT FOUND URI
39107734_2_2329160387535788734,1,17,http://dbpedia.org/resource/McCarran_International_Airport
36102169_0_7739454799295072814,2,24,http://dbpedia.org/resource/Guitar_Hero
22864497_0_8632623712684511496,0,198,NOT FOUND URI
16767252_0_2409448375013995751,1,78,http://dbpedia.org/resource/Braveheart
88523363_0_8180214313099580515,0,13,http://dbpedia.org/resource/Acacia_melanoxylon
91959037_0_7907661684242014480,1,341,http://dbpedia.org/resource/Tennis
58891288_0_1117541047012405958,1,24,http://dbpedia.org/resource/A_Clockwork_Orange
41480166_0_6681239260286218499,0,114,http://dbpedia.org/resource/Jerome
13719111_1_5719401842463579519,0,548,NOT FOUND URI
36102169_0_7739454799295072814,2,247,http://dbpedia.org/resource/Super_Mario_Galaxy
35188621_0_6058553107571275232,1,90,http://dbpedia.org/resource/Twelve_Monkeys
50245608_0_871275842592178099,0,22,http://dbpedia.org/resource/Black_Hawk_Down
60319454_0_3938426910282115527,0,38,NOT FOUND URI
16767252_0_2409448375013995751,1,62,http://dbpedia.org/resource/The_Birds
90196673_0_5458330029110291950,0,409,http://dbpedia.org/resource/Eastern_hognose_snake
91959037_0_7907661684242014480,1,138,NOT FOUND URI
20135078_0_7570343137119682530,1,25,http://dbpedia.org/resource/High_Noon
41480166_0_6681239260286218499,0,130,http://dbpedia.org/resource/Justin_Martyr
69537082_0_7789694313271016902,1,202,NOT FOUND URI
28086084_0_3127660530989916727,0,201,http://dbpedia.org/resource/Pope_Sylvester_I
26310680_0_5150772059999313798,1,186,http://dbpedia.org/resource/US_Dollar
36102169_0_7739454799295072814,2,194,http://dbpedia.org/resource/Perfect_Dark
69537082_0_7789694313271016902,1,154,http://dbpedia.org/resource/Estonia
91959037_0_7907661684242014480,1,390,http://dbpedia.org/resource/Medal_of_Honor_Frontline
9834884_0_3871985887467090123,1,290,NOT FOUND URI
35188621_0_6058553107571275232,1,26,http://dbpedia.org/resource/Sleeper
90196673_0_5458330029110291950,0,346,http://dbpedia.org/resource/Eastern_gray_squirrel
28086084_0_3127660530989916727,0,34,http://dbpedia.org/resource/Bernard_of_Clairvaux
35188621_0_6058553107571275232,1,44,NOT FOUND URI
91959037_0_7907661684242014480,1,315,http://dbpedia.org/resource/Killzone
52299421_0_4473286348258170200,1,39,http://dbpedia.org/resource/Uruguay
88523363_0_8180214313099580515,0,493,http://dbpedia.org/resource/Sesbania_grandiflora
41480166_0_6681239260286218499,0,39,http://dbpedia.org/resource/BRIGID_of_Ireland
50245608_0_871275842592178099,0,62,http://dbpedia.org/resource/Dr._Strangelove
66009064_0_9148652238372261251,0,169,http://dbpedia.org/resource/Cy_Williams
36102169_0_7739454799295072814,2,111,http://dbpedia.org/resource/Fight_Night_2004
9834884_0_3871985887467090123,1,231,http://dbpedia.org/resource/Allard_Pierson_Museum
99070098_0_2074872741302696997,1,140,NOT FOUND URI
50245608_0_871275842592178099,0,277,http://dbpedia.org/resource/Volcano
54719588_0_8417197176086756912,3,171,http://dbpedia.org/resource/Some_Like_It_Hot
90196673_0_5458330029110291950,0,251,NOT FOUND URI
90196673_0_5458330029110291950,0,210,NOT FOUND URI
20135078_0_7570343137119682530,1,62,http://dbpedia.org/resource/Raising_Arizona
66009064_0_9148652238372261251,0,102,http://dbpedia.org/resource/Frank_Robinson
28086084_0_3127660530989916727,0,164,http://dbpedia.org/resource/Nicholas_of_Myra
91959037_0_7907661684242014480,1,61,http://dbpedia.org/resource/Resident_Evil_4
63450419_0_8012592961815711786,1,67,http://dbpedia.org/resource/Carex_saxatilis
36102169_0_7739454799295072814,2,126,http://dbpedia.org/resource/Metal_Gear_Solid
39650055_5_7135804139753401681,1,21,http://dbpedia.org/resource/HP
21245481_0_8730460088443117515,1,140,NOT FOUND URI
69881946_0_1105130426898457358,1,30,http://dbpedia.org/resource/Sunrise
9834884_0_3871985887467090123,1,214,NOT FOUND URI
46671561_0_6122315295162029872,0,104,NOT FOUND URI
80588006_0_6965325215443683359,1,21,NOT FOUND URI
91959037_0_7907661684242014480,1,126,http://dbpedia.org/resource/God_of_War
69537082_0_7789694313271016902,1,142,http://dbpedia.org/resource/Kuwait
58891288_0_1117541047012405958,1,76,http://dbpedia.org/resource/The_Lord_of_the_Rings:_Two_Towers
22864497_0_8632623712684511496,0,372,http://dbpedia.org/resource/WWE_All_Stars
36102169_0_7739454799295072814,2,166,http://dbpedia.org/resource/Namco_Museum_64
36102169_0_7739454799295072814,2,255,http://dbpedia.org/resource/Sonic_Adventure_2_Battle
63450419_0_8012592961815711786,1,44,http://dbpedia.org/resource/Calamagrostis_canadensis
88523363_0_8180214313099580515,0,483,http://dbpedia.org/resource/Scoparia_dulcis
13719111_1_5719401842463579519,0,154,http://dbpedia.org/resource/Senegal_coucal
63450419_0_8012592961815711786,1,123,http://dbpedia.org/resource/Leucopoa_kingii
88523363_0_8180214313099580515,0,40,http://dbpedia.org/resource/Anagallis_arvensis
53822652_0_5767892317858575530,1,252,http://dbpedia.org/resource/The_Savages
46671561_0_6122315295162029872,0,76,http://dbpedia.org/resource/Lost_Planet:_Extreme_Condition
90196673_0_5458330029110291950,0,425,http://dbpedia.org/resource/Eastern_ribbon_snake
20135078_0_7570343137119682530,1,33,http://dbpedia.org/resource/Good_Will_Hunting
52299421_0_4473286348258170200,1,50,http://dbpedia.org/resource/Syria
63450419_0_8012592961815711786,1,94,http://dbpedia.org/resource/Eragrostis_intermedia
90196673_0_5458330029110291950,0,235,http://dbpedia.org/resource/Cedar_waxwing
26310680_0_5150772059999313798,1,192,http://dbpedia.org/resource/Rwanda_Franc
91959037_0_7907661684242014480,1,271,http://dbpedia.org/resource/Wii_Sports
99070098_0_2074872741302696997,1,208,http://dbpedia.org/resource/High_Rigg
50245608_0_871275842592178099,0,20,http://dbpedia.org/resource/Billy_Madison
50245608_0_871275842592178099,0,37,http://dbpedia.org/resource/Chicago
39650055_5_7135804139753401681,1,91,http://dbpedia.org/resource/Allstate
